Instancia,F(S),Tiempo,SOTA_FS,SOTA_Tiempo,Dev,isBest?
AUpdata_ta_ca_20_100_2_100_1,14052.9505437049,0.0127704,14052.950543704901,0.245348012,-1.294382555384914e-16,1
AUpdata_ta_ca_20_100_2_100_2,17456.764758183,0.0094107,17456.764758183,0.317111354,0.0,1
AUpdata_ta_ca_20_100_2_100_3,20291.121085581,0.0105458,20291.121085581002,0.305671698,-1.7928919707038186e-16,1
AUpdata_ta_ca_20_100_2_100_4,12466.4316395655,0.0101185,12466.431639565502,0.332727953,-1.4591099170453996e-16,1
AUpdata_ta_ca_20_100_2_100_5,19299.8541684535,0.0103723,19299.8541684535,0.445409089,0.0,1
AUpdata_ta_ca_20_100_2_50_1,20822.8205543586,0.0095603,20822.820554358554,0.219656304,2.271244876203523e-15,1
AUpdata_ta_ca_20_100_2_50_2,14314.8025939052,0.0113564,14314.8025939052,0.395180903,0.0,1
AUpdata_ta_ca_20_100_2_50_3,21521.464510571,0.0103117,21521.464510570997,0.402946762,1.6903955608154808e-16,1
AUpdata_ta_ca_20_100_2_50_4,12973.4443787167,0.0098483,12973.4443787167,0.387551861,0.0,1
AUpdata_ta_ca_20_100_2_50_5,16318.2103438734,0.0102338,14563.280025433398,0.116851956,0.1205037817974509,0
AUpdata_ta_ca_20_100_3_100_1,9622.9905488547,0.0142273,9622.9905488547,0.251052228,0.0,1
AUpdata_ta_ca_20_100_3_100_2,8657.1922720003,0.0161341,8657.192272000299,0.250291538,2.1011308821555925e-16,1
AUpdata_ta_ca_20_100_3_100_3,11731.4309044646,0.0195314,11731.430904464549,0.303383589,4.341474089056029e-15,1
AUpdata_ta_ca_20_100_3_100_4,12682.2817698933,0.0150295,12682.281769893301,0.217119987,-1.4342761314955076e-16,1
AUpdata_ta_ca_20_100_3_100_5,15324.5045145922,0.012842,15324.504514592203,0.366136671,-2.3739617836436926e-16,1
AUpdata_ta_ca_20_100_3_50_1,17170.4844597015,0.0164375,17170.484459701507,0.485287621,-4.237479513906454e-16,1
AUpdata_ta_ca_20_100_3_50_2,11861.6471678267,0.0133753,11861.64716782675,0.290535074,-4.140463225794667e-15,1
AUpdata_ta_ca_20_100_3_50_3,12080.470170712,0.0140084,12080.470170711998,0.389332451,1.5057273250471914e-16,1
AUpdata_ta_ca_20_100_3_50_4,17590.300446208,0.012042,16176.135397965802,0.306517021,0.08742292355070377,0
AUpdata_ta_ca_20_100_3_50_5,10829.8085874375,0.014238,10829.808587437481,0.202816477,1.6796136227706501e-15,1
AUpdata_ta_ca_20_100_4_100_1,12000.507592334,0.0268154,10511.001449921652,0.212314904,0.14170925096993964,0
AUpdata_ta_ca_20_100_4_100_2,8885.9124865445,0.0143227,8885.9124865445,0.300525176,0.0,1
AUpdata_ta_ca_20_100_4_100_3,9300.020425396,0.0174516,9300.020425396,0.286272162,0.0,1
AUpdata_ta_ca_20_100_4_100_4,9635.01498378335,0.0151158,9635.014983783347,0.37247534,3.775789465003199e-16,1
AUpdata_ta_ca_20_100_4_100_5,16705.4765060445,0.0190489,16665.27950478088,0.305956067,0.0024120208276187465,0
AUpdata_ta_ca_20_100_4_50_1,9713.32227524799,0.0194139,9713.322275247989,0.239151246,1.8726748191822104e-16,1
AUpdata_ta_ca_20_100_4_50_2,8988.9515288864,0.0160672,8988.951528886397,0.276284775,4.0471670087450196e-16,1
AUpdata_ta_ca_20_100_4_50_3,7868.0360658855,0.0158768,7868.036065885498,0.28223346,2.3118722236578116e-16,1
AUpdata_ta_ca_20_100_4_50_4,13559.1354094651,0.0216128,13559.135409465101,0.190294647,-1.3415231492386242e-16,1
AUpdata_ta_ca_20_100_4_50_5,8704.7525999144,0.0170824,8704.7525999144,0.231386389,0.0,1
AUpdata_ta_ca_20_100_5_100_1,5184.2604748206,0.0157942,5184.260474820599,0.105330317,3.508676719428922e-16,1
AUpdata_ta_ca_20_100_5_100_2,9668.8610256196,0.0211949,9062.19996125714,0.230363005,0.06694412691797441,0
AUpdata_ta_ca_20_100_5_100_3,8218.05214224195,0.0170355,7553.0010172835,0.219155145,0.08805124260365066,0
AUpdata_ta_ca_20_100_5_100_4,10579.136226516,0.0174972,10005.753376217,0.227617423,0.05730531512618453,0
AUpdata_ta_ca_20_100_5_100_5,6868.330009505,0.0184386,6868.330009505,0.154596287,0.0,1
AUpdata_ta_ca_20_100_5_50_1,8719.82636411104,0.0153008,8719.82636411104,0.106002772,0.0,1
AUpdata_ta_ca_20_100_5_50_2,9961.1117292506,0.015404,9961.111729250602,0.271337547,-1.8260907547140858e-16,1
AUpdata_ta_ca_20_100_5_50_3,12269.1677721299,0.0172325,12269.16777212985,0.242580212,4.15119462421717e-15,1
AUpdata_ta_ca_20_100_5_50_4,9326.7551678595,0.0179216,9326.755167859501,0.283196662,-1.9502917904548322e-16,1
AUpdata_ta_ca_20_100_5_50_5,7313.7759572643,0.0209577,7313.7759572643,0.201211232,0.0,1
AUpdata_ta_ca_20_150_2_100_1,11117.5427568929,0.0096912,11117.542756892923,0.331078718,-1.9633720616020935e-15,1
AUpdata_ta_ca_20_150_2_100_2,20708.6139040048,0.0101229,20708.613904004796,0.432599384,1.756746648498851e-16,1
AUpdata_ta_ca_20_150_2_100_3,15918.9364053691,0.0142716,15918.936405369108,0.236649044,-4.57063049245514e-16,1
AUpdata_ta_ca_20_150_2_100_4,13192.3173837703,0.0100247,13192.317383770305,0.114664777,-4.13647432205576e-16,1
AUpdata_ta_ca_20_150_2_100_5,18843.1462433293,0.0128971,18843.1462433293,0.438854073,0.0,1
AUpdata_ta_ca_20_150_2_50_1,20801.9811064093,0.0098532,20801.981106409297,0.487766628,1.7488617014322812e-16,1
AUpdata_ta_ca_20_150_2_50_2,15899.0935872628,0.0120497,15899.093587262796,0.116977074,2.2881674273596317e-16,1
AUpdata_ta_ca_20_150_2_50_3,16194.0810297253,0.0173416,16194.081029725246,0.431816935,3.2574057525093675e-15,1
AUpdata_ta_ca_20_150_2_50_4,13533.3871174819,0.0117283,12059.64322093439,0.298031822,0.12220460170738978,0
AUpdata_ta_ca_20_150_2_50_5,18459.2102623437,0.0097094,18459.21026234371,0.544107158,-5.912461186673448e-16,1
AUpdata_ta_ca_20_150_3_100_1,7242.40361848059,0.0119236,7242.40361848059,0.245357086,0.0,1
AUpdata_ta_ca_20_150_3_100_2,11257.7913999085,0.012676,11257.791399908501,0.384586312,-1.6157604444159806e-16,1
AUpdata_ta_ca_20_150_3_100_3,8524.67549512042,0.012089,8524.675495120422,0.120446237,-2.1337931333422105e-16,1
AUpdata_ta_ca_20_150_3_100_4,7893.64207689275,0.01315,7893.642076892749,0.509402174,1.1521863962331332e-16,1
AUpdata_ta_ca_20_150_3_100_5,6510.7137932527,0.0166292,6510.713793252699,0.220884848,1.396920108384233e-16,1
AUpdata_ta_ca_20_150_3_50_1,10881.8062296345,0.0148965,10881.80622963446,0.116747945,3.6774930589214425e-15,1
AUpdata_ta_ca_20_150_3_50_2,11939.848915843,0.017557,11224.31896350075,0.322220667,0.06374818415879056,0
AUpdata_ta_ca_20_150_3_50_3,12513.4687998924,0.0186798,12513.4687998924,0.337935241,0.0,1
AUpdata_ta_ca_20_150_3_50_4,12217.4546499095,0.0120362,12217.454649909501,0.41847802,-1.488844817246226e-16,1
AUpdata_ta_ca_20_150_3_50_5,12676.0966971918,0.0122921,11426.2514033265,0.395401126,0.10938366833950774,0
AUpdata_ta_ca_20_150_4_100_1,5377.5408436481,0.0147021,5377.5408436481,0.108275666,0.0,1
AUpdata_ta_ca_20_150_4_100_2,10588.3258357035,0.0159265,10588.325835703448,0.31103556,4.810175290180827e-15,1
AUpdata_ta_ca_20_150_4_100_3,12688.8760749868,0.0170906,12345.0969342855,0.308196234,0.02784742335611285,0
AUpdata_ta_ca_20_150_4_100_4,10563.654308192,0.0151371,10563.654308191999,0.18437947,1.7219319664173884e-16,1
AUpdata_ta_ca_20_150_4_100_5,9217.5155553148,0.0148424,9217.5155553148,0.265045231,0.0,1
AUpdata_ta_ca_20_150_4_50_1,11452.7681685265,0.0185143,11452.7681685265,0.213577402,0.0,1
AUpdata_ta_ca_20_150_4_50_2,15658.955141633,0.0128383,15658.955141633,0.375086296,0.0,1
AUpdata_ta_ca_20_150_4_50_3,5236.04813853575,0.0135111,5236.04813853575,0.314692727,0.0,1
AUpdata_ta_ca_20_150_4_50_4,9016.905437027,0.0131649,9016.905437027,0.290377315,0.0,1
AUpdata_ta_ca_20_150_4_50_5,13994.090728189,0.0139183,13994.090728189,0.292965671,0.0,1
AUpdata_ta_ca_20_150_5_100_1,6230.9296162254,0.0204272,6230.9296162254,0.212048278,0.0,1
AUpdata_ta_ca_20_150_5_100_2,8109.93019244631,0.0172079,8109.930192446309,0.301722994,1.121458113930553e-16,1
AUpdata_ta_ca_20_150_5_100_3,5940.66377743635,0.0160842,5940.663777436352,0.229581821,-3.0619295615663127e-16,1
AUpdata_ta_ca_20_150_5_100_4,5239.26468518518,0.0193188,5239.264685185186,0.110234027,-1.2151443561178795e-15,1
AUpdata_ta_ca_20_150_5_100_5,4071.8798161723,0.015179,4071.8798161722993,0.214489748,1.1167995407927868e-16,1
AUpdata_ta_ca_20_150_5_50_1,6257.02582250082,0.0156328,6257.025822500815,0.179943602,8.721345197288194e-16,1
AUpdata_ta_ca_20_150_5_50_2,8849.7473237526,0.0166652,8617.9204763612,0.240871636,0.026900555421379944,0
AUpdata_ta_ca_20_150_5_50_3,6084.7343667883,0.0206883,6084.7343667883,0.130885904,0.0,1
AUpdata_ta_ca_20_150_5_50_4,11693.3535270884,0.0197663,11693.3535270884,0.276059248,0.0,1
AUpdata_ta_ca_20_150_5_50_5,8621.0101258749,0.0166422,8621.0101258749,0.188045293,0.0,1
AUpdata_ta_ca_20_300_2_100_1,12119.4469050677,0.0093937,12119.446905067674,0.120287207,2.101238765194276e-15,1
AUpdata_ta_ca_20_300_2_100_2,14363.2657038952,0.0112124,14363.265703895246,0.119489258,-3.166044270580742e-15,1
AUpdata_ta_ca_20_300_2_100_3,11557.3270484427,0.0097509,11557.32704844265,0.12014446,4.249487246478507e-15,1
AUpdata_ta_ca_20_300_2_100_4,13857.3858825614,0.0124689,13857.385882561352,0.210675898,3.544154309619348e-15,1
AUpdata_ta_ca_20_300_2_100_5,17406.6571344926,0.0117307,17406.6571344926,0.34304468,0.0,1
AUpdata_ta_ca_20_300_2_50_1,20266.1558203862,0.0106685,20217.879949289243,0.201092972,0.0023877810738832956,0
AUpdata_ta_ca_20_300_2_50_2,15861.9180310861,0.0111101,15861.918031086096,0.194632689,2.2935302023135054e-16,1
AUpdata_ta_ca_20_300_2_50_3,25018.0024129334,0.0106237,25018.002412933394,0.431734176,2.9082887970392156e-16,1
AUpdata_ta_ca_20_300_2_50_4,19016.6629922592,0.0102576,19016.6629922592,0.529080777,0.0,1
AUpdata_ta_ca_20_300_2_50_5,18647.6315794674,0.0103656,18647.63157946737,0.456266959,1.7558159664564018e-15,1
AUpdata_ta_ca_20_300_3_100_1,9205.44240322308,0.0169895,9205.442403223076,0.11961238,3.9519869309246425e-16,1
AUpdata_ta_ca_20_300_3_100_2,13619.4176924358,0.0134058,13058.51468792467,0.350801645,0.04295304771757868,0
AUpdata_ta_ca_20_300_3_100_3,12734.0116814056,0.0126433,12734.01168140561,0.204450796,-7.142248056054368e-16,1
AUpdata_ta_ca_20_300_3_100_4,20881.1653972211,0.0154808,20881.165397221095,0.364955254,1.7422297740028735e-16,1
AUpdata_ta_ca_20_300_3_100_5,13756.5326482885,0.0140001,13756.532648288452,0.352301414,3.4379102424531675e-15,1
AUpdata_ta_ca_20_300_3_50_1,15659.621082171,0.0126759,15659.621082171003,0.284545795,-2.3231588989299826e-16,1
AUpdata_ta_ca_20_300_3_50_2,17909.4244959154,0.0147115,17909.424495915402,0.274177172,-2.031320888017047e-16,1
AUpdata_ta_ca_20_300_3_50_3,16268.5164824122,0.0132227,16268.516482412197,0.386693722,2.2362080838930284e-16,1
AUpdata_ta_ca_20_300_3_50_4,13117.6847709421,0.0120498,13117.684770942098,0.346421702,1.3866695497785e-16,1
AUpdata_ta_ca_20_300_3_50_5,16524.0972551904,0.0152391,16524.097255190398,0.289281217,2.201620306942326e-16,1
AUpdata_ta_ca_20_300_4_100_1,9291.64061281865,0.0236332,9291.64061281865,0.263691719,0.0,1
AUpdata_ta_ca_20_300_4_100_2,13107.5103801516,0.0238277,13107.510380151549,0.270518434,3.885688572591854e-15,1
AUpdata_ta_ca_20_300_4_100_3,8437.717906591,0.0159933,8437.717906591,0.318472929,0.0,1
AUpdata_ta_ca_20_300_4_100_4,5837.0964721365,0.0189971,5837.096472136499,0.112695237,1.5581286108845725e-16,1
AUpdata_ta_ca_20_300_4_100_5,13693.2846329212,0.0138988,13693.284632921199,0.242572597,1.3283806276637733e-16,1
AUpdata_ta_ca_20_300_4_50_1,9770.4783214683,0.0139125,9770.4783214683,0.347358262,0.0,1
AUpdata_ta_ca_20_300_4_50_2,13451.726274149,0.0166261,13451.726274149,0.330275859,0.0,1
AUpdata_ta_ca_20_300_4_50_3,12659.683207898,0.0146854,12659.683207898002,0.300912255,-1.436836430797133e-16,1
AUpdata_ta_ca_20_300_4_50_4,19021.038691442,0.0157659,19021.038691442,0.351586944,0.0,1
AUpdata_ta_ca_20_300_4_50_5,14959.247530642,0.021099,13455.636239109699,0.220178416,0.11174583385079592,0
AUpdata_ta_ca_20_300_5_100_1,5048.2315456526,0.0194309,5048.231545652602,0.190189827,-3.6032210232359884e-16,1
AUpdata_ta_ca_20_300_5_100_2,10551.3086294681,0.0194904,10139.711430726502,0.280643,0.04059259492280316,0
AUpdata_ta_ca_20_300_5_100_3,9250.7433678231,0.0177271,9250.7433678231,0.340598696,0.0,1
AUpdata_ta_ca_20_300_5_100_4,9677.90076737,0.0169473,9677.900767369998,0.237174228,1.8795288846923908e-16,1
AUpdata_ta_ca_20_300_5_100_5,4153.1918739686,0.0157249,4153.191873968601,0.250131619,-2.189869212336334e-16,1
AUpdata_ta_ca_20_300_5_50_1,9467.901787795,0.0186511,9467.901787795001,0.186691681,-1.9212170175769056e-16,1
AUpdata_ta_ca_20_300_5_50_2,9816.986532837,0.0174967,9816.986532837002,0.212717239,-1.8528999682962674e-16,1
AUpdata_ta_ca_20_300_5_50_3,7742.095637732,0.0181969,7742.095637731999,0.202032322,1.1747396884900265e-16,1
AUpdata_ta_ca_20_300_5_50_4,4496.22421875505,0.015868,4496.224218755049,0.112538222,2.0227965900347303e-16,1
AUpdata_ta_ca_20_300_5_50_5,7373.6950060388,0.0207293,7373.6950060388,0.199776832,0.0,1
AUpdata_ta_cp_20_100_2_100_1,9613.739311097,0.0132419,9613.739311097,0.4250124,0.0,1
AUpdata_ta_cp_20_100_2_100_2,16778.1304445751,0.0110457,16299.783237270101,0.5750208,0.02934684469982643,0
AUpdata_ta_cp_20_100_2_100_3,9051.6019418942,0.0093571,9051.6019418942,0.2447061,0.0,1
AUpdata_ta_cp_20_100_2_100_4,5162.13087163848,0.0122439,5162.130871638481,0.2503309,-1.7618590546974082e-16,1
AUpdata_ta_cp_20_100_2_100_5,9383.87220931462,0.0101175,9383.872209314623,0.3019254,-1.9384209023438007e-16,1
AUpdata_ta_cp_20_100_2_50_1,16457.8510286505,0.0096175,16457.851028650548,0.6372637,-2.8736269644111665e-15,1
AUpdata_ta_cp_20_100_2_50_2,9130.7326971901,0.0098786,9130.7326971901,0.2518325,0.0,1
AUpdata_ta_cp_20_100_2_50_3,5868.22822659082,0.0104963,5868.228226590819,0.3177359,1.5498625252026104e-16,1
AUpdata_ta_cp_20_100_2_50_4,8990.36721215774,0.0095692,8990.367212157735,0.3115982,6.069794572192863e-16,1
AUpdata_ta_cp_20_100_2_50_5,7883.42877036373,0.0099075,7883.42877036373,0.2039314,0.0,1
AUpdata_ta_cp_20_100_3_100_1,5452.1385611102,0.0143675,5452.138561110199,0.1703947,1.6681430443831773e-16,1
AUpdata_ta_cp_20_100_3_100_2,9311.9184253782,0.0160541,9160.1202818422,0.3869648,0.016571632125497757,0
AUpdata_ta_cp_20_100_3_100_3,3969.0064075025,0.0122442,3969.0064075025007,0.1976986,-1.1457460739465375e-16,1
AUpdata_ta_cp_20_100_3_100_4,7205.2086128614,0.0149576,7205.2086128614,0.2216168,0.0,1
AUpdata_ta_cp_20_100_3_100_5,5630.9678250022,0.013166,5630.9678250022,0.2559489,0.0,1
AUpdata_ta_cp_20_100_3_50_1,10920.8739377705,0.0151342,10920.873937770497,0.2390666,3.3312158237717085e-16,1
AUpdata_ta_cp_20_100_3_50_2,6308.3816507767,0.0162688,6308.381650776701,0.2317085,-1.441724283851706e-16,1
AUpdata_ta_cp_20_100_3_50_3,3146.83702679673,0.0117232,3146.8370267967302,0.1842282,-1.445093428779712e-16,1
AUpdata_ta_cp_20_100_3_50_4,6175.9938401936,0.0118624,6175.9938401936,0.2545665,0.0,1
AUpdata_ta_cp_20_100_3_50_5,3571.8098858654,0.0123779,3571.8098858654,0.2106274,0.0,1
AUpdata_ta_cp_20_100_4_100_1,6043.1100790464,0.0202232,6043.110079046401,0.2895288,-1.505010979241414e-16,1
AUpdata_ta_cp_20_100_4_100_2,4202.3330471045,0.0129733,4202.3330471045,0.3062099,0.0,1
AUpdata_ta_cp_20_100_4_100_3,5535.71527786545,0.0140811,5535.715277865449,0.2772763,1.642957876481729e-16,1
AUpdata_ta_cp_20_100_4_100_4,4147.79588875499,0.0166251,4147.795888754989,0.2482795,2.1927180752520682e-16,1
AUpdata_ta_cp_20_100_4_100_5,2590.80624346345,0.0144289,2590.8062434634526,0.2548167,-1.0531409333301903e-15,1
AUpdata_ta_cp_20_100_4_50_1,5807.75498025827,0.0145528,5807.754980258265,0.2572423,7.830002340529902e-16,1
AUpdata_ta_cp_20_100_4_50_2,6156.6419506415,0.0136135,6156.641950641501,0.4161975,-1.4772577471037794e-16,1
AUpdata_ta_cp_20_100_4_50_3,5988.02572313825,0.0132447,5988.02572313825,0.2527767,0.0,1
AUpdata_ta_cp_20_100_4_50_4,3421.22083571185,0.0147944,3421.2208357118498,0.2980918,1.3291961341391904e-16,1
AUpdata_ta_cp_20_100_4_50_5,5912.4970000355,0.0122431,5912.4970000355,0.2596317,0.0,1
AUpdata_ta_cp_20_100_5_100_1,4683.60796738912,0.0164034,4683.60796738912,0.3092683,0.0,1
AUpdata_ta_cp_20_100_5_100_2,2195.03418499586,0.0155891,2195.0341849958654,0.2834027,-2.486051583131881e-15,1
AUpdata_ta_cp_20_100_5_100_3,4302.31112042196,0.0216923,4302.3111204219595,0.2660799,2.113967763641713e-16,1
AUpdata_ta_cp_20_100_5_100_4,1914.81715022904,0.0152837,1914.817150229037,0.2868921,1.543676261938879e-15,1
AUpdata_ta_cp_20_100_5_100_5,4898.30276440255,0.014938,4898.30276440255,0.3563417,0.0,1
AUpdata_ta_cp_20_100_5_50_1,2769.69380566539,0.0237159,2769.6938056653944,0.2194039,-1.641868678610902e-15,1
AUpdata_ta_cp_20_100_5_50_2,4417.4211666635,0.015888,4417.4211666635,0.2695718,0.0,1
AUpdata_ta_cp_20_100_5_50_3,5457.11297682355,0.0149302,5457.11297682355,0.3400245,0.0,1
AUpdata_ta_cp_20_100_5_50_4,1447.3592798297,0.0158231,1447.3592798297004,0.3166766,-3.1419106314775606e-16,1
AUpdata_ta_cp_20_100_5_50_5,4951.7896340641,0.0192509,4951.789634064099,0.2698929,1.8366989896266566e-16,1
AUpdata_ta_cp_20_150_2_100_1,4740.5654089422,0.0094999,4740.565408942201,0.3130684,-3.837072683597338e-16,1
AUpdata_ta_cp_20_150_2_100_2,6598.63925483185,0.0098577,6598.639254831849,0.4443013,1.3783064456917406e-16,1
AUpdata_ta_cp_20_150_2_100_3,6580.5103354317,0.0099784,6580.5103354317,0.2968046,0.0,1
AUpdata_ta_cp_20_150_2_100_4,5776.3155795126,0.0094994,5776.3155795126,0.2707018,0.0,1
AUpdata_ta_cp_20_150_2_100_5,6686.75065879464,0.0105758,6686.750658794641,0.246217,-1.3601444829959824e-16,1
AUpdata_ta_cp_20_150_2_50_1,5125.1469441661,0.0103544,5125.1469441661,0.2708523,0.0,1
AUpdata_ta_cp_20_150_2_50_2,6773.3035875393,0.0096137,6773.303587539299,0.4549549,1.342763822732095e-16,1
AUpdata_ta_cp_20_150_2_50_3,7948.44653021585,0.0095688,7948.446530215851,0.4711217,-2.2884841668507257e-16,1
AUpdata_ta_cp_20_150_2_50_4,5716.32994201157,0.0099758,5716.329942011565,0.3456827,7.955232736731068e-16,1
AUpdata_ta_cp_20_150_2_50_5,4676.18367017332,0.0095531,4676.18367017332,0.358071,0.0,1
AUpdata_ta_cp_20_150_3_100_1,2347.03203979231,0.014511,2262.886975489156,0.4142521,0.03718482859046231,0
AUpdata_ta_cp_20_150_3_100_2,3883.18498600695,0.012459,3883.184986006949,0.2902007,2.3421359143339577e-16,1
AUpdata_ta_cp_20_150_3_100_3,2770.10415538623,0.0120278,2770.1041553862265,0.3131035,1.3133003681532983e-15,1
AUpdata_ta_cp_20_150_3_100_4,2490.43841894355,0.0122191,2490.43841894355,0.2889131,0.0,1
AUpdata_ta_cp_20_150_3_100_5,4171.63402856269,0.0125417,4171.634028562689,0.3021843,2.1801881362212615e-16,1
AUpdata_ta_cp_20_150_3_50_1,2395.66709911122,0.0137822,2395.667099111215,0.278055,2.0880283665484713e-15,1
AUpdata_ta_cp_20_150_3_50_2,2695.926333524,0.0136653,2695.9263335240003,0.5424214,-1.6867944247276139e-16,1
AUpdata_ta_cp_20_150_3_50_3,3882.83803390313,0.0119415,3882.83803390313,0.3344793,0.0,1
AUpdata_ta_cp_20_150_3_50_4,1970.45521601796,0.0121989,1970.455216017965,0.3060829,-2.538611798475657e-15,1
AUpdata_ta_cp_20_150_3_50_5,4469.8091427398,0.0120534,4469.8091427398,0.3694452,0.0,1
AUpdata_ta_cp_20_150_4_100_1,1447.1916421351,0.0152167,1447.1916421351002,0.1392225,-1.5711372897909948e-16,1
AUpdata_ta_cp_20_150_4_100_2,3009.5669790856,0.0158882,3009.5669790856,0.1520687,0.0,1
AUpdata_ta_cp_20_150_4_100_3,2346.8504945188,0.0182158,2346.8504945188038,0.2760318,-1.5501536274204127e-15,1
AUpdata_ta_cp_20_150_4_100_4,1860.9146192606,0.0141099,1860.9146192606,0.2259256,0.0,1
AUpdata_ta_cp_20_150_4_100_5,1545.76305964914,0.0130725,1545.7630596491451,0.2251063,-3.3831799139910504e-15,1
AUpdata_ta_cp_20_150_4_50_1,1952.2134868598,0.0154083,1952.2134868598002,0.2465626,-1.1646967761142257e-16,1
AUpdata_ta_cp_20_150_4_50_2,3985.5968557429,0.014627,3985.596855742901,0.2561822,-2.281953581086418e-16,1
AUpdata_ta_cp_20_150_4_50_3,2597.7707533216,0.013528,2597.7707533216,0.2463017,0.0,1
AUpdata_ta_cp_20_150_4_50_4,3442.44421565493,0.01306,3442.4442156549303,0.1877063,-1.321001365304471e-16,1
AUpdata_ta_cp_20_150_4_50_5,4017.1514150205,0.015948,4017.1514150205,0.1499411,0.0,1
AUpdata_ta_cp_20_150_5_100_1,1643.62364893606,0.0154022,1643.6236489360601,0.2197311,-1.3833682399886015e-16,1
AUpdata_ta_cp_20_150_5_100_2,1584.3336185528,0.0154096,1584.333618552795,0.4212418,3.1573027304188427e-15,1
AUpdata_ta_cp_20_150_5_100_3,2300.91933738283,0.0150691,2300.9193373828284,0.5032512,5.929117246722538e-16,1
AUpdata_ta_cp_20_150_5_100_4,1554.87709537305,0.0152306,1554.8770953730502,0.2027188,-1.4623257112722466e-16,1
AUpdata_ta_cp_20_150_5_100_5,821.5231199762,0.0177129,821.5231199762,0.1971435,0.0,1
AUpdata_ta_cp_20_150_5_50_1,2498.67684531795,0.0160794,2498.67684531795,0.175919,0.0,1
AUpdata_ta_cp_20_150_5_50_2,2707.49875975215,0.0139691,2707.49875975215,0.1633466,0.0,1
AUpdata_ta_cp_20_150_5_50_3,1407.53098757691,0.0144514,1407.5309875769115,0.1459397,-9.69244773081663e-16,1
AUpdata_ta_cp_20_150_5_50_4,1716.82177286535,0.0163027,1716.88935266225,0.2109725,-3.936176597238041e-05,1
AUpdata_ta_cp_20_150_5_50_5,2140.46852763807,0.0239158,2140.4685276380696,0.1805459,2.124522481945864e-16,1
AUpdata_ta_cp_20_300_2_100_1,2651.19359429347,0.0094008,2651.1935942934742,0.2039957,-1.5437296494633626e-15,1
AUpdata_ta_cp_20_300_2_100_2,1830.87656726451,0.0102166,1830.8765672645056,0.221167,2.3595800561673185e-15,1
AUpdata_ta_cp_20_300_2_100_3,2542.51312192483,0.0092827,2542.5131219248296,0.2810516,1.7885742534229048e-16,1
AUpdata_ta_cp_20_300_2_100_4,2189.25331276279,0.010098,2189.25331276279,0.1597125,0.0,1
AUpdata_ta_cp_20_300_2_100_5,1488.40397110307,0.0094809,1488.403971103068,0.1790609,1.3748707465974527e-15,1
AUpdata_ta_cp_20_300_2_50_1,1884.10121264042,0.0106371,1884.101212640415,0.1829385,2.6549639829279122e-15,1
AUpdata_ta_cp_20_300_2_50_2,1752.26654642996,0.0108466,1752.2665464299623,0.2205434,-1.2975975367816002e-15,1
AUpdata_ta_cp_20_300_2_50_3,1459.70776952291,0.0116272,1459.7077695229104,0.1842959,-3.115331440861573e-16,1
AUpdata_ta_cp_20_300_2_50_4,5582.2876733633,0.0093461,5582.2876733633,0.2696741,0.0,1
AUpdata_ta_cp_20_300_2_50_5,3253.6752216579,0.0102503,3253.6752216579002,0.2158587,-1.397642112093625e-16,1
AUpdata_ta_cp_20_300_3_100_1,887.642351474536,0.0131705,887.6423514745362,0.2410277,-2.561546044592429e-16,1
AUpdata_ta_cp_20_300_3_100_2,2404.29669864509,0.0130423,2404.29669864509,0.3559023,0.0,1
AUpdata_ta_cp_20_300_3_100_3,1743.67885695978,0.0123432,1743.6788569597848,0.2529969,-2.738375340877347e-15,1
AUpdata_ta_cp_20_300_3_100_4,1177.73369870011,0.0124161,1177.7336987001152,0.2144505,-4.4403879594906135e-15,1
AUpdata_ta_cp_20_300_3_100_5,979.627472942127,0.0154442,979.6274729421268,0.229642,2.321021834558784e-16,1
AUpdata_ta_cp_20_300_3_50_1,1294.03858373191,0.0129592,1294.03858373191,0.1634115,0.0,1
AUpdata_ta_cp_20_300_3_50_2,2645.91305351017,0.0131292,2645.9130535101754,0.1729628,-2.0624140326146148e-15,1
AUpdata_ta_cp_20_300_3_50_3,2347.98943474613,0.0179878,2347.9894347461295,0.2019374,1.9367521171816198e-16,1
AUpdata_ta_cp_20_300_3_50_4,980.79489708382,0.01191,980.7948970838199,0.2187042,1.159129580095075e-16,1
AUpdata_ta_cp_20_300_3_50_5,1460.27736275944,0.0164417,1460.27736275944,0.2962721,0.0,1
AUpdata_ta_cp_20_300_4_100_1,668.085614438313,0.0193688,668.0856144383135,0.2437969,-8.508403359141113e-16,1
AUpdata_ta_cp_20_300_4_100_2,958.13956037408,0.0131292,958.13956037408,0.2082709,0.0,1
AUpdata_ta_cp_20_300_4_100_3,1232.24762999185,0.0148744,1232.24762999185,0.2374521,0.0,1
AUpdata_ta_cp_20_300_4_100_4,977.3186844744,0.014392,977.3186844744,0.2474684,0.0,1
AUpdata_ta_cp_20_300_4_100_5,1359.39296503915,0.0140877,1359.3929650391499,0.2406559,1.6726118296241425e-16,1
AUpdata_ta_cp_20_300_4_50_1,863.650990150728,0.013125,863.650990150728,0.2379655,0.0,1
AUpdata_ta_cp_20_300_4_50_2,1470.94893722067,0.0137257,1470.9489372206651,0.2616417,3.246099890680007e-15,1
AUpdata_ta_cp_20_300_4_50_3,879.13139271595,0.0141946,879.13139271595,0.192827,0.0,1
AUpdata_ta_cp_20_300_4_50_4,1375.18040957246,0.0147523,1375.1804095724651,0.2018333,-3.802842520728015e-15,1
AUpdata_ta_cp_20_300_4_50_5,1114.46726507175,0.0165129,1114.46726507175,0.1485446,0.0,1
AUpdata_ta_cp_20_300_5_100_1,696.623733237093,0.0149182,696.6237332370929,0.1650529,1.631969057289112e-16,1
AUpdata_ta_cp_20_300_5_100_2,1102.47091024775,0.0139347,1102.4709102477498,0.194498,2.0624006795075992e-16,1
AUpdata_ta_cp_20_300_5_100_3,758.312597354538,0.0153202,758.312597354538,0.2387091,0.0,1
AUpdata_ta_cp_20_300_5_100_4,665.81486259585,0.0198102,665.8148625958498,0.1564706,1.707484228849725e-16,1
AUpdata_ta_cp_20_300_5_100_5,765.859993261912,0.0150587,765.8599932619121,0.1884411,-1.4844336918214881e-16,1
AUpdata_ta_cp_20_300_5_50_1,1467.2857691906,0.01769,1467.2857691906001,0.177456,-1.5496209410431232e-16,1
AUpdata_ta_cp_20_300_5_50_2,960.54157662019,0.0145406,960.54157662019,0.1999607,0.0,1
AUpdata_ta_cp_20_300_5_50_3,600.81347590965,0.0146137,600.8134759096499,0.1805012,1.892215176257335e-16,1
AUpdata_ta_cp_20_300_5_50_4,989.45966329329,0.0146628,989.4596632932899,0.2063728,1.1489790027743418e-16,1
AUpdata_ta_cp_20_300_5_50_5,1041.49836587269,0.0144096,1041.4983658726849,0.1989217,5.021222026414216e-15,1
